{"includedArchiveIdentifiers":["org.swift.tspl"],"interfaceLanguages":{"swift":[{"children":[{"title":"Welcome to Swift","type":"groupMarker"},{"path":"\/documentation\/the-swift-programming-language\/aboutswift","title":"About Swift","type":"article"},{"path":"\/documentation\/the-swift-programming-language\/compatibility","title":"Version Compatibility","type":"article"},{"path":"\/documentation\/the-swift-programming-language\/guidedtour","title":"A Swift Tour","type":"article"},{"title":"Language Guide","type":"groupMarker"},{"path":"\/documentation\/the-swift-programming-language\/thebasics","title":"The Basics","type":"article"},{"path":"\/documentation\/the-swift-programming-language\/basicoperators","title":"Basic Operators","type":"article"},{"path":"\/documentation\/the-swift-programming-language\/stringsandcharacters","title":"Strings and Characters","type":"article"},{"path":"\/documentation\/the-swift-programming-language\/collectiontypes","title":"Collection Types","type":"article"},{"path":"\/documentation\/the-swift-programming-language\/controlflow","title":"Control Flow","type":"article"},{"path":"\/documentation\/the-swift-programming-language\/functions","title":"Functions","type":"article"},{"path":"\/documentation\/the-swift-programming-language\/closures","title":"Closures","type":"article"},{"path":"\/documentation\/the-swift-programming-language\/enumerations","title":"Enumerations","type":"article"},{"path":"\/documentation\/the-swift-programming-language\/classesandstructures","title":"Structures and Classes","type":"article"},{"path":"\/documentation\/the-swift-programming-language\/properties","title":"Properties","type":"article"},{"path":"\/documentation\/the-swift-programming-language\/methods","title":"Methods","type":"article"},{"path":"\/documentation\/the-swift-programming-language\/subscripts","title":"Subscripts","type":"article"},{"path":"\/documentation\/the-swift-programming-language\/inheritance","title":"Inheritance","type":"article"},{"path":"\/documentation\/the-swift-programming-language\/initialization","title":"Initialization","type":"article"},{"path":"\/documentation\/the-swift-programming-language\/deinitialization","title":"Deinitialization","type":"article"},{"path":"\/documentation\/the-swift-programming-language\/optionalchaining","title":"Optional Chaining","type":"article"},{"path":"\/documentation\/the-swift-programming-language\/errorhandling","title":"Error Handling","type":"article"},{"path":"\/documentation\/the-swift-programming-language\/concurrency","title":"Concurrency","type":"article"},{"path":"\/documentation\/the-swift-programming-language\/macros","title":"Macros","type":"article"},{"path":"\/documentation\/the-swift-programming-language\/typecasting","title":"Type Casting","type":"article"},{"path":"\/documentation\/the-swift-programming-language\/nestedtypes","title":"Nested Types","type":"article"},{"path":"\/documentation\/the-swift-programming-language\/extensions","title":"Extensions","type":"article"},{"path":"\/documentation\/the-swift-programming-language\/protocols","title":"Protocols","type":"article"},{"path":"\/documentation\/the-swift-programming-language\/generics","title":"Generics","type":"article"},{"path":"\/documentation\/the-swift-programming-language\/opaquetypes","title":"Opaque and Boxed Protocol Types","type":"article"},{"path":"\/documentation\/the-swift-programming-language\/automaticreferencecounting","title":"Automatic Reference Counting","type":"article"},{"path":"\/documentation\/the-swift-programming-language\/memorysafety","title":"Memory Safety","type":"article"},{"path":"\/documentation\/the-swift-programming-language\/accesscontrol","title":"Access Control","type":"article"},{"path":"\/documentation\/the-swift-programming-language\/advancedoperators","title":"Advanced Operators","type":"article"},{"title":"Language Reference","type":"groupMarker"},{"path":"\/documentation\/the-swift-programming-language\/aboutthelanguagereference","title":"About the Language Reference","type":"article"},{"path":"\/documentation\/the-swift-programming-language\/lexicalstructure","title":"Lexical Structure","type":"article"},{"path":"\/documentation\/the-swift-programming-language\/types","title":"Types","type":"article"},{"path":"\/documentation\/the-swift-programming-language\/expressions","title":"Expressions","type":"article"},{"path":"\/documentation\/the-swift-programming-language\/statements","title":"Statements","type":"article"},{"path":"\/documentation\/the-swift-programming-language\/declarations","title":"Declarations","type":"article"},{"path":"\/documentation\/the-swift-programming-language\/attributes","title":"Attributes","type":"article"},{"path":"\/documentation\/the-swift-programming-language\/patterns","title":"Patterns","type":"article"},{"path":"\/documentation\/the-swift-programming-language\/genericparametersandarguments","title":"Generic Parameters and Arguments","type":"article"},{"path":"\/documentation\/the-swift-programming-language\/summaryofthegrammar","title":"Summary of the Grammar","type":"article"},{"title":"Revision History","type":"groupMarker"},{"path":"\/documentation\/the-swift-programming-language\/revisionhistory","title":"Document Revision History","type":"article"}],"path":"\/documentation\/the-swift-programming-language","title":"The Swift Programming Language (6)","type":"article"}]},"schemaVersion":{"major":0,"minor":1,"patch":2}}